sample_id,ERBB2_copy_number,CEP17_copy_number,ERBB2_CEP17_ratio,ERBB2_minus_ploidy,Purity,Ploidy
CPCT02020203T,2,2,1.0,-1.6970999999999998,0.85,3.6971
CPCT02180049T,4,4,1.0,0.5770000000000001,0.61,3.423
WIDE01010074T,25,2,12.5,22.0631,0.51,2.9369
CPCT02460004T,9,1,9.0,6.9487000000000005,0.54,2.0513
CPCT02190024T,16,2,8.0,12.8407,0.49,3.1593
CPCT02290048T,4,4,1.0,0.0971999999999999,0.42,3.9028
CPCT02210028T,3,1,3.0,0.965,0.63,2.035
CPCT02030478T,68,3,22.66666666666667,64.2872,0.39,3.7128
CPCT02040055T,4,4,1.0,-1.2512999999999996,0.25,5.2513
CPCT02020223TII,4,5,0.8,0.5493999999999999,0.48,3.4506
CPCT02110069T,4,2,2.0,-0.0340999999999995,0.37,4.0341
CPCT02010726T,2,2,1.0,-0.0106000000000001,0.62,2.0106
DO52550,3,1,3.0,0.5373999999999999,0.23,2.4626
WIDE01010372T,3,2,1.5,-1.1466000000000005,0.72,4.1466
CPCT02100027T,12,1,12.0,9.6532,0.35,2.3468
CPCT02030218TII,4,5,0.8,0.0411000000000001,0.45,3.9589
CPCT02010691T,3,2,1.5,1.4249,0.43,1.5751
TCGA-A8-A09IT,135,4,33.75,131.1142,0.6,3.8858
CPCT02020345TII,3,3,1.0,-1.1623,0.61,4.1623
CPCT02050285T,2,3,0.6666666666666666,0.0533999999999998,0.41,1.9466
CPCT02340112T,2,2,1.0,-0.2471999999999998,0.55,2.2472
CPCT02110004T,4,2,2.0,0.7090999999999998,0.35,3.2909
WIDE01010185T,3,2,1.5,0.0971000000000002,0.35,2.9029
DO1018,5,1,5.0,1.0233,0.53,3.9767
CPCT02060059T,1,1,1.0,-0.5499,0.5,1.5499
DO217844,4,4,1.0,-0.1224999999999996,0.23,4.1225
CPCT02020692T,6,2,3.0,2.4672,0.97,3.5328
CPCT02010886T,1,2,0.5,-0.6834,0.92,1.6834
DO218573,4,4,1.0,1.0345,0.47,2.9655
CPCT02040325T,4,4,1.0,0.7488000000000001,0.51,3.2512
CPCT02080312T,3,3,1.0,0.7256,0.82,2.2744
DO1002,3,2,1.5,1.0296,0.77,1.9704
WIDE01010231T,2,2,1.0,-1.4150999999999998,0.38,3.4151
TCGA-C8-A12LT,14,2,7.0,10.5732,0.49,3.4268
CPCT02210017T,4,3,1.3333333333333333,0.5712999999999999,0.45,3.4287
CPCT02020341T,1,2,0.5,-1.1002,0.52,2.1002
CPCT02080095T,1,2,0.5,-1.2212999999999998,0.58,2.2213
CPCT02310011T,48,8,6.0,45.6688,0.66,2.3312
CPCT02230016T,2,2,1.0,-0.0600999999999998,0.56,2.0601
CPCT02080184T,4,6,0.6666666666666666,0.6326,0.26,3.3674
CPCT02010427T,2,2,1.0,0.0001999999999999,0.47,1.9998
CPCT02390040T,2,2,1.0,0.0210999999999998,0.61,1.9789
DO218065,4,2,2.0,-0.0300000000000002,0.43,4.03
CPCT02330066T,95,4,23.75,91.1345,0.43,3.8655
CPCT02010915T,1,1,1.0,-0.9458,0.83,1.9458
CPCT02010320T,2,2,1.0,-1.0142000000000002,0.59,3.0142
CPCT02030305T,2,2,1.0,-0.0828000000000002,0.83,2.0828
CPCT02030271T,198,2,99.0,193.6703,0.57,4.3297
CPCT02370003T,2,2,1.0,-0.9207999999999998,0.7,2.9208
CPCT02120047T,2,8,0.25,-1.5560999999999998,0.22,3.5561
CPCT02360022T,2,2,1.0,-0.1198000000000001,0.97,2.1198
CPCT02120099T,2,2,1.0,0.2645,0.37,1.7355
CPCT02010523T,4,2,2.0,0.4293999999999998,0.62,3.5706
TCGA-E2-A1LGT,3,7,0.4285714285714285,-0.2075,0.76,3.2075
CPCT02030428T,2,2,1.0,-0.0865999999999997,0.58,2.0866
CPCT02080076T,2,2,1.0,-0.1756999999999999,0.61,2.1757
CPCT02120008T,4,2,2.0,0.2433000000000001,0.73,3.7567
DO218489,3,3,1.0,-0.1619999999999999,0.43,3.162
CPCT02190049T,1,4,0.25,-2.7943,0.73,3.7943
CPCT02380024T,3,6,0.5,-0.0411999999999999,0.74,3.0412
DO218212,2,3,0.6666666666666666,0.0127999999999999,0.41,1.9872
CPCT02160041T,3,3,1.0,-1.4241,0.3,4.4241
WIDE01010388T,4,3,1.3333333333333333,0.1032000000000001,0.62,3.8968
CPCT02050364T,5,2,2.5,1.7489,0.63,3.2511
CPCT02120047TII,3,7,0.4285714285714285,-0.6642999999999999,0.68,3.6643
DO1013,29,10,2.9,26.1243,0.29,2.8757
CPCT02030233T,25,1,25.0,22.8718,0.58,2.1282
TCGA-A8-A08ST,12,3,4.0,9.8911,0.86,2.1089
CPCT02080006T,2,0,0.0,-0.0045000000000001,0.55,2.0045
TCGA-AO-A0J2T,3,2,1.5,-0.4493999999999998,0.66,3.4494
CPCT02050082T,3,2,1.5,0.8892000000000002,0.93,2.1108
CPCT02020245TII,4,4,1.0,-0.1928,0.54,4.1928
CPCT02100049T,44,2,22.0,40.7224,0.7,3.2776
CPCT02050210T,2,2,1.0,-0.3449,0.7,2.3449
DO52561,4,3,1.3333333333333333,-0.3312999999999997,0.72,4.3313
CPCT02010517T,2,2,1.0,-0.0838999999999998,0.87,2.0839
CPCT02010731T,1,1,1.0,-0.9885,0.49,1.9885
CPCT02010329T,2,2,1.0,-0.7187999999999999,0.32,2.7188
CPCT02050160T,4,5,0.8,-0.8628999999999998,0.77,4.8629
CPCT02010351T,2,2,1.0,-0.9932,0.35,2.9932
CPCT02210076T,4,4,1.0,0.7927,0.73,3.2073
CPCT02470003T,2,2,1.0,-2.0147000000000004,0.23,4.0147
CPCT02010682T,2,3,0.6666666666666666,-0.3338999999999998,0.82,2.3339
CPCT02030242T,2,2,1.0,-1.4639000000000002,0.77,3.4639
CPCT02330104T,4,4,1.0,0.0617999999999998,0.26,3.9382
CPCT02040114T,3,4,0.75,0.0320999999999997,0.59,2.9679
CPCT02210037T,2,3,0.6666666666666666,0.0384999999999999,0.7,1.9615
DO52553,1,1,1.0,-0.5353000000000001,0.41,1.5353
CPCT02010433T,2,1,2.0,0.1084,0.37,1.8916
CPCT02010593T,2,2,1.0,0.2442,0.25,1.7558
DO52551,2,2,1.0,-0.7319,0.29,2.7319
TCGA-GM-A2DFT,3,2,1.5,-0.7837000000000001,0.21,3.7837
DO218377,2,2,1.0,-1.9422,0.29,3.9422
CPCT02230095T,4,5,0.8,0.2543000000000002,0.78,3.7457
CPCT02210053T,2,2,1.0,-0.3752,0.8,2.3752
CPCT02330035T,34,7,4.857142857142857,30.6908,0.64,3.3092
CPCT02230044T,3,3,1.0,0.8121999999999998,0.64,2.1878
CPCT02011058T,5,8,0.625,1.6488999999999998,0.69,3.3511
DO1012,3,4,0.75,-0.2595999999999998,0.7,3.2596
CPCT02150014T,2,2,1.0,-0.2078000000000002,0.65,2.2078
CPCT02150046T,16,2,8.0,13.9011,0.78,2.0989
WIDE01010140T,3,3,1.0,-0.4685000000000002,0.81,3.4685
TCGA-A8-A09XT,2,2,1.0,-1.4943,0.31,3.4943
CPCT02120073T,2,5,0.4,-1.412,0.33,3.412
WIDE01010478T,3,4,0.75,-0.5493999999999999,0.29,3.5494
CPCT02300032T,9,2,4.5,5.9914000000000005,0.7,3.0086
CPCT02060179T,4,4,1.0,0.0409000000000001,0.59,3.9591
CPCT02150018T,9,2,4.5,5.4171,0.59,3.5829
CPCT02220060T,2,3,0.6666666666666666,-1.6322,0.65,3.6322
CPCT02300043T,2,2,1.0,-0.9789,0.38,2.9789
TCGA-A2-A3XXT,5,5,1.0,0.1756000000000002,0.42,4.8244
CPCT02080056T,38,5,7.6,32.6482,0.68,5.3518
CPCT02020186T,6,3,2.0,2.1807,0.57,3.8193
TCGA-EW-A3U0T,4,4,1.0,-0.1432999999999999,0.26,4.1433
CPCT02380034T,2,2,1.0,0.4473,0.76,1.5527
CPCT02290010T,3,2,1.5,-0.1520999999999999,0.86,3.1521
DO217800,2,2,1.0,-0.0367000000000001,1.0,2.0367
DO218159,2,1,2.0,0.1725000000000001,0.53,1.8275
CPCT02060221T,2,1,2.0,-0.0874999999999999,0.78,2.0875
CPCT02040123T,13,1,13.0,10.9558,0.55,2.0442
DO218347,2,2,1.0,0.0069999999999998,0.61,1.993
CPCT02290046T,2,1,2.0,-0.0421999999999997,0.75,2.0422
CPCT02330042T,2,2,1.0,0.1715999999999999,0.44,1.8284
CPCT02080261T,4,4,1.0,0.8769999999999998,0.58,3.123
CPCT02090062T,2,2,1.0,-1.0731000000000002,0.37,3.0731
CPCT02010260T,29,4,7.25,26.3275,0.34,2.6725
CPCT02040266T,4,6,0.6666666666666666,0.7204999999999999,0.41,3.2795
CPCT02010746T,2,2,1.0,-0.0891000000000001,0.75,2.0891
DO1009,2,2,1.0,-1.6493000000000002,0.43,3.6493
CPCT02110079T,4,5,0.8,-0.0602,0.61,4.0602
CPCT02240011T,2,5,0.4,-1.5049,0.36,3.5049
CPCT02050338T,2,1,2.0,0.1456999999999999,0.67,1.8543
CPCT02390021T,2,2,1.0,-0.9262,0.81,2.9262
CPCT02010721T,4,6,0.6666666666666666,0.3050999999999999,0.73,3.6949
CPCT02050127T,2,3,0.6666666666666666,0.0045999999999999,0.32,1.9954
WIDE01010235T,2,2,1.0,-0.0295999999999998,0.61,2.0296
CPCT02030340T,3,4,0.75,1.0083,0.76,1.9917
TCGA-A8-A08BT,39,3,13.0,35.5833,0.63,3.4167
CPCT02210034T,2,3,0.6666666666666666,-0.9881000000000002,0.39,2.9881
CPCT02010678T,1,1,1.0,-0.9985,0.74,1.9985
CPCT02080153T,2,2,1.0,-0.0238,0.81,2.0238
CPCT02330071T,2,2,1.0,-0.6554000000000002,0.53,2.6554
WIDE01010448T,3,2,1.5,-0.4367000000000001,0.33,3.4367
CPCT02050053T,68,2,34.0,64.5735,0.62,3.4265
CPCT02310004T,93,12,7.75,87.7976,0.42,5.2024
WIDE01010124T,6,3,2.0,2.2183,0.47,3.7817
CPCT02100117T,2,2,1.0,-0.8654999999999999,0.62,2.8655
CPCT02300016T,3,3,1.0,0.306,0.85,2.694
CPCT02050299T,1,1,1.0,-0.9086,0.25,1.9086
CPCT02010528T,68,1,68.0,66.0962,0.69,1.9038
CPCT02040008T,2,2,1.0,0.1162,0.51,1.8838
CPCT02340037T,2,2,1.0,-1.2216,0.26,3.2216
CPCT02100164T,3,4,0.75,-0.6749,0.51,3.6749
CPCT02020830T,4,6,0.6666666666666666,0.6930999999999998,0.26,3.3069
CPCT02160027T,2,2,1.0,0.0948999999999999,0.7,1.9051
CPCT02020487T,2,2,1.0,0.0831999999999999,0.67,1.9168
CPCT02210069T,3,3,1.0,0.9146,0.69,2.0854
CPCT02260008T,2,2,1.0,-0.5980000000000003,0.82,2.5980000000000003
DO218072,4,4,1.0,-0.0450999999999996,0.29,4.0451
CPCT02010461T,2,5,0.4,-0.8386,0.78,2.8386
CPCT02020436T,1,1,1.0,-1.0739999999999998,0.81,2.074
CPCT02230101T,27,6,4.5,22.6915,0.21,4.3085
WIDE01010405T,2,2,1.0,-0.1499000000000001,0.31,2.1499
CPCT02260028T,1,1,1.0,-0.8432999999999999,0.51,1.8433
CPCT02240001T,25,2,12.5,21.8979,0.56,3.1021
CPCT02210051T,7,3,2.333333333333333,3.4647,0.27,3.5353
CPCT02130163T,5,3,1.6666666666666667,1.2574999999999998,0.72,3.7425
CPCT02230118T,2,2,1.0,-1.2833,0.55,3.2833
CPCT02080064T,4,4,1.0,-0.2248000000000001,0.83,4.2248
CPCT02010344TII,1,1,1.0,-0.7745,0.8,1.7745
CPCT02020288T,4,4,1.0,1.2064,0.83,2.7936
TCGA-A2-A0YGT,51,4,12.75,47.3814,0.57,3.6186
CPCT02011013T,4,2,2.0,0.3243,0.85,3.6757
CPCT02010900T,1,2,0.5,-0.8731,0.64,1.8731
CPCT02050215T,2,2,1.0,-0.8680000000000003,0.8,2.8680000000000003
DO218583,2,2,1.0,-0.0419,0.67,2.0419
CPCT02010838T,2,2,1.0,0.0618,0.45,1.9382
CPCT02080100T,4,2,2.0,0.7081,0.7,3.2919
CPCT02140053T,2,1,2.0,0.1380000000000001,0.42,1.862
TCGA-BH-A18RT,16,2,8.0,13.7601,0.53,2.2399
CPCT02100043T,2,2,1.0,0.0543,0.65,1.9457
CPCT02030463T,1,1,1.0,-0.913,0.42,1.913
WIDE01011073T,3,3,1.0,-0.2715999999999998,0.62,3.2716
CPCT02330037T,9,3,3.0,5.5999,0.28,3.4001
CPCT02120137T,1,1,1.0,-0.9192,0.59,1.9192
CPCT02010508T,3,1,3.0,1.1769,0.71,1.8231
CPCT02240008T,1,1,1.0,-0.7962,0.53,1.7962
CPCT02010281T,5,5,1.0,1.1826,0.51,3.8174
CPCT02340058T,2,4,0.5,-1.8502,0.74,3.8502
CPCT02080173T,2,2,1.0,0.1456999999999999,0.47,1.8543
CPCT02010535T,2,2,1.0,-0.0049999999999998,0.59,2.005
CPCT02080001T,3,3,1.0,-0.9927,0.25,3.9927
CPCT02080128T,2,4,0.5,-1.5334,0.67,3.5334
TCGA-AO-A03LT,6,6,1.0,2.9056,0.47,3.0944
CPCT02190019T,1,1,1.0,-1.0640999999999998,0.55,2.0641
CPCT02230047T,2,2,1.0,-0.0924,0.58,2.0924
CPCT02020635T,2,2,1.0,-0.1404999999999998,0.72,2.1405
CPCT02020194T,2,2,1.0,-0.6478999999999999,0.7,2.6479
CPCT02250007T,3,3,1.0,-0.4430000000000001,0.62,3.443
CPCT02340066TII,3,2,1.5,-0.5735000000000001,0.45,3.5735
CPCT02020829T,5,5,1.0,1.6815000000000002,0.49,3.3185
CPCT02300028T,3,1,3.0,0.9502000000000002,0.36,2.0498
DO52560,3,6,0.5,0.0727999999999999,0.49,2.9272
CPCT02050028T,1,1,1.0,-0.9789,0.69,1.9789
CPCT02010504T,2,3,0.6666666666666666,-1.207,0.57,3.207
DO218553,2,2,1.0,-0.0626999999999999,0.75,2.0627
CPCT02100020T,2,2,1.0,-0.4064000000000001,0.66,2.4064
CPCT02060272T,3,3,1.0,-0.5686,0.7,3.5686
CPCT02010401T,6,3,2.0,2.3161,0.31,3.6839
CPCT02470001T,4,5,0.8,0.4468999999999999,0.37,3.5531
CPCT02300005T,2,2,1.0,0.1689,0.49,1.8311
DO218062,2,2,1.0,-0.1312000000000002,0.44,2.1312
DO218506,3,1,3.0,0.8664000000000001,0.33,2.1336
CPCT02080296T,2,2,1.0,0.0532999999999999,0.58,1.9467
CPCT02010687T,2,3,0.6666666666666666,-1.4881000000000002,0.68,3.4881
CPCT02250010T,4,5,0.8,0.3176000000000001,0.59,3.6824
CPCT02030394T,2,3,0.6666666666666666,0.0953999999999999,0.89,1.9046
DO218457,4,2,2.0,0.1202999999999998,0.24,3.8797
CPCT02080036T,4,4,1.0,-1.4660000000000002,0.45,5.466
CPCT02040254T,2,2,1.0,-0.6863000000000001,0.68,2.6863
CPCT02160003T,3,3,1.0,-0.3178999999999998,0.7,3.3179
DO218404,1,2,0.5,-0.9058,0.5,1.9058
WIDE01010968T,3,3,1.0,0.2612000000000001,0.69,2.7388
CPCT02360012T,3,5,0.6,0.9422,0.7,2.0578
CPCT02290040T,2,2,1.0,-1.745,0.35,3.745
WIDE01011107T,3,3,1.0,1.0417,0.73,1.9583
CPCT02290003T,2,2,1.0,-0.8401999999999998,0.72,2.8402
TCGA-E2-A156T,4,4,1.0,0.0177999999999998,0.78,3.9822
CPCT02290030T,19,2,9.5,15.5831,0.23,3.4169
WIDE01010400T,3,3,1.0,-0.5592999999999999,0.57,3.5593
WIDE01010048T,2,2,1.0,-0.0264999999999999,0.85,2.0265
CPCT02040071T,2,2,1.0,-0.214,0.78,2.214
TCGA-D8-A27HT,2,2,1.0,-2.2472000000000003,0.62,4.2472
CPCT02210039T,2,3,0.6666666666666666,-0.1009000000000002,0.71,2.1009
CPCT02010447T,4,2,2.0,0.4210000000000002,0.31,3.579
WIDE01010944T,3,3,1.0,0.1124999999999998,0.39,2.8875
CPCT02030550T,4,2,2.0,0.6989000000000001,0.58,3.3011
TCGA-A2-A04TT,2,2,1.0,-1.342,0.64,3.342
TCGA-EW-A1J5T,6,6,1.0,1.8586,0.46,4.1414
TCGA-E2-A15ET,10,2,5.0,6.3683,0.32,3.6317
CPCT02011073T,2,1,2.0,-0.0867,0.73,2.0867
CPCT02010694T,3,3,1.0,0.4083000000000001,0.72,2.5917
CPCT02080022T,4,4,1.0,0.0800999999999998,0.23,3.9199
DO217786,4,4,1.0,-0.1509999999999998,0.34,4.151
DO220825,6,4,1.5,2.5325,0.43,3.4675
CPCT02160013T,24,2,12.0,21.6656,0.38,2.3344
CPCT02020637T,7,4,1.75,3.5341,0.36,3.4659
CPCT02020441T,4,4,1.0,0.6263999999999998,0.34,3.3736
CPCT02050138T,46,2,23.0,44.0433,0.68,1.9567
CPCT02180057T,4,3,1.3333333333333333,0.8166000000000002,0.81,3.1834
CPCT02020245T,2,2,1.0,-0.1072000000000001,0.67,2.1072
CPCT02030329T,3,1,3.0,1.0417,0.49,1.9583
CPCT02010936T,1,2,0.5,-0.8448,0.44,1.8448
CPCT02070352T,9,1,9.0,7.0584,0.8,1.9416
CPCT02020322T,2,2,1.0,0.0179,0.51,1.9821
CPCT02020475T,2,2,1.0,-1.8792,0.56,3.8792
CPCT02080122T,5,6,0.8333333333333334,-0.3517000000000001,0.34,5.3517
CPCT02040323T,2,2,1.0,-0.0083000000000001,0.58,2.0083
CPCT02020276T,3,3,1.0,0.1543000000000001,0.56,2.8457
DO217908,2,2,1.0,-0.0221,0.54,2.0221
CPCT02020824T,2,6,0.3333333333333333,-1.2848000000000002,0.33,3.2848
DO220823,2,3,0.6666666666666666,-0.5150000000000001,0.7,2.515
CPCT02040219T,2,2,1.0,-0.2444000000000001,0.34,2.2444
CPCT02050088T,3,3,1.0,-0.2292999999999998,0.57,3.2293
CPCT02020245TIII,4,4,1.0,-0.1963999999999996,0.22,4.1964
TCGA-AN-A0G0T,3,5,0.6,-0.1962999999999999,0.65,3.1963
CPCT02100187T,4,5,0.8,-0.0646000000000004,0.32,4.0646
CPCT02380039T,3,4,0.75,0.0727000000000002,0.7,2.9273
CPCT02340049T,3,3,1.0,-0.1907000000000001,0.71,3.1907
TCGA-EW-A1PHT,4,3,1.3333333333333333,0.6566000000000001,0.76,3.3434
CPCT02030384T,2,2,1.0,-0.0872000000000001,0.81,2.0872
CPCT02050157T,2,4,0.5,-1.6911999999999998,0.47,3.6912
CPCT02010509T,2,2,1.0,-1.3842,0.71,3.3842
CPCT02080072T,182,8,22.75,176.7667,0.34,5.2333
CPCT02020264T,2,1,2.0,0.2517,0.72,1.7483
CPCT02020345T,3,3,1.0,-1.0171,0.27,4.0171
CPCT02060197T,3,3,1.0,-0.3544999999999998,0.46,3.3545
WIDE01010207T,14,3,4.666666666666667,10.2678,0.47,3.7322
CPCT02100029T,2,2,1.0,-1.3395,0.71,3.3395
CPCT02110056T,2,2,1.0,-1.0353,0.54,3.0353
CPCT02080069T,1,1,1.0,-1.0212,0.55,2.0212
CPCT02160058T,3,2,1.5,-0.7488999999999999,0.74,3.7489
WIDE01010934T,4,5,0.8,-0.4081000000000001,0.9,4.4081
CPCT02020314T,3,4,0.75,0.7704,0.71,2.2296
CPCT02010288T,2,1,2.0,-0.0011000000000001,0.84,2.0011
CPCT02230120TII,3,3,1.0,0.9558,0.61,2.0442
CPCT02290035T,2,2,1.0,-0.6762000000000001,0.6,2.6762
CPCT02040160T,2,3,0.6666666666666666,-1.5093,0.63,3.5093
TCGA-E2-A14PT,58,4,14.5,52.7262,0.32,5.2738
CPCT02370004T,2,2,1.0,-0.0026000000000001,0.23,2.0026
CPCT02020807T,2,2,1.0,0.2775000000000001,0.44,1.7225
CPCT02320008T,5,5,1.0,1.1189,0.49,3.8811
CPCT02210035T,2,3,0.6666666666666666,0.0159,0.55,1.9841
TCGA-A7-A0CET,3,3,1.0,0.1505999999999998,0.72,2.8494
CPCT02390029T,4,5,0.8,0.1251999999999999,0.78,3.8748
CPCT02040257T,3,1,3.0,0.3506999999999998,0.66,2.6493
WIDE01010162T,2,2,1.0,0.0373000000000001,0.61,1.9627
CPCT02030265TII,1,1,1.0,-0.9565,0.28,1.9565
CPCT02100105T,2,2,1.0,-0.0190999999999998,0.79,2.0191
CPCT02020218T,4,4,1.0,-0.2683999999999997,0.2,4.2684
CPCT02020514T,2,1,2.0,0.2644,0.66,1.7356
CPCT02050431T,4,5,0.8,0.6846999999999999,0.28,3.3153
CPCT02440021T,3,3,1.0,-0.2875999999999998,0.53,3.2876
CPCT02020401T,9,2,4.5,7.1459,0.53,1.8541
CPCT02120061T,2,1,2.0,0.0504,0.47,1.9496
CPCT02030447T,1,3,0.3333333333333333,-0.9999,0.87,1.9999
CPCT02290008T,2,2,1.0,-0.1105999999999998,0.61,2.1106
CPCT02370006T,4,3,1.3333333333333333,0.4601000000000002,0.73,3.5399
CPCT02030218TIII,2,2,1.0,0.1147,0.37,1.8853
CPCT02160055T,2,2,1.0,-0.0474000000000001,0.58,2.0474
CPCT02080070TII,3,3,1.0,-1.4394,0.37,4.4394
DO217931,4,5,0.8,0.3146,0.68,3.6854
CPCT02160015T,2,2,1.0,-1.0257,0.71,3.0257
WIDE01010547T,5,3,1.6666666666666667,1.2795,0.74,3.7205
CPCT02020795T,3,2,1.5,0.1042999999999998,0.5,2.8957
CPCT02020680T,4,2,2.0,2.0844,0.72,1.9156
CPCT02120029T,2,2,1.0,-0.0531999999999999,0.64,2.0532
CPCT02230099T,4,2,2.0,0.4609000000000001,0.51,3.5391
WIDE01010950T,3,3,1.0,-0.1181999999999998,0.65,3.1182
CPCT02390010T,4,4,1.0,-0.8171999999999997,0.23,4.8172
CPCT02050183T,5,3,1.6666666666666667,1.3516,0.51,3.6484
DO52544,3,3,1.0,-0.2725,0.74,3.2725
CPCT02020599T,3,6,0.5,-0.4546999999999999,0.59,3.4547
CPCT02230125T,5,5,1.0,0.8860000000000001,0.66,4.114
CPCT02110080T,4,2,2.0,1.0260000000000002,0.4,2.974
CPCT02080049T,45,2,22.5,41.5872,0.9,3.4128
CPCT02360017T,2,2,1.0,-0.0695000000000001,0.7,2.0695
CPCT02040069T,35,4,8.75,31.8481,0.33,3.1519
DO217987,3,3,1.0,-0.4443999999999999,0.71,3.4444
CPCT02100067T,4,5,0.8,0.3900000000000001,0.71,3.61
CPCT02020773T,1,2,0.5,-0.7476,0.72,1.7476
CPCT02330032T,2,1,2.0,0.0354000000000001,0.65,1.9646
WIDE01010308T,2,3,0.6666666666666666,-1.1286999999999998,0.33,3.1287
CPCT02120087T,2,10,0.2,-0.5613000000000001,0.47,2.5613
WIDE01010322T,2,1,2.0,0.0576000000000001,0.73,1.9424
CPCT02290011T,2,2,1.0,-0.1156999999999999,1.0,2.1157
CPCT02030220T,4,2,2.0,0.4438,0.77,3.5562
CPCT02080300T,2,3,0.6666666666666666,-0.2776000000000001,0.46,2.2776
CPCT02010422T,6,5,1.2,2.0843,0.34,3.9157
CPCT02100093T,1,1,1.0,-0.8581000000000001,0.7,1.8581
CPCT02290037T,2,2,1.0,-0.6065999999999998,0.71,2.6066
TCGA-A2-A0D1T,32,3,10.666666666666666,28.1329,0.78,3.8671
DO218121,4,4,1.0,0.2229000000000001,0.43,3.7771
CPCT02050209T,1,2,0.5,-0.7545,0.57,1.7545
CPCT02230058T,2,2,1.0,-0.0468999999999999,1.0,2.0469
CPCT02020966T,2,2,1.0,-0.1288999999999998,0.84,2.1289
WIDE01010468T,4,4,1.0,0.8138999999999998,0.43,3.1861
CPCT02100066T,1,1,1.0,-1.0571000000000002,0.63,2.0571
DO218182,2,2,1.0,-0.0203000000000002,0.65,2.0203
CPCT02310018T,1,1,1.0,-0.9588,0.83,1.9588
CPCT02390043T,3,2,1.5,1.0136,0.7,1.9864
TCGA-E2-A109T,5,6,0.8333333333333334,0.9768,0.68,4.0232
DO217788,3,2,1.5,1.0463,0.85,1.9537
CPCT02230025T,37,3,12.333333333333336,33.509100000000004,0.46,3.4909
CPCT02030521T,3,2,1.5,-0.0392000000000001,0.24,3.0392
CPCT02140039T,4,4,1.0,0.0232000000000001,0.48,3.9768
CPCT02300008T,2,2,1.0,-1.1846,0.81,3.1846
TCGA-AN-A0ATT,3,3,1.0,-0.5726,0.49,3.5726
CPCT02030549T,2,2,1.0,-0.8915000000000002,0.55,2.8915
TCGA-A1-A0SMT,28,2,14.0,25.9409,0.6,2.0591
DO218174,2,2,1.0,-0.0676999999999998,0.63,2.0677
TCGA-AR-A24ZT,4,6,0.6666666666666666,0.7795000000000001,0.83,3.2205
CPCT02080063T,6,4,1.5,2.3217,0.59,3.6783
DO220821,2,2,1.0,-0.0550999999999999,0.53,2.0551
CPCT02010765T,2,2,1.0,-1.0571000000000002,0.36,3.0571
CPCT02390001T,4,1,4.0,1.9758,0.73,2.0242
CPCT02080200T,2,3,0.6666666666666666,0.0984,0.77,1.9016
CPCT02240003T,9,8,1.125,4.5811,0.43,4.4189
DO218168,2,0,0.0,0.0330000000000001,0.9,1.967
CPCT02160018T,1,1,1.0,-0.5666,0.41,1.5666
TCGA-E2-A15HT,14,1,14.0,12.0567,0.69,1.9433
TCGA-A2-A0EYT,38,2,19.0,34.6433,0.5,3.3567
CPCT02160009T,3,3,1.0,0.8708,0.83,2.1292
CPCT02080228T,6,3,2.0,2.5806,0.53,3.4194
WIDE01010967T,2,2,1.0,-0.0230999999999999,0.94,2.0231
TCGA-A2-A25BT,2,7,0.2857142857142857,-1.7723,0.6,3.7723
TCGA-BH-A1FCT,4,5,0.8,0.0625,0.47,3.9375
TCGA-BH-A0H6T,2,2,1.0,-0.2006000000000001,0.76,2.2006
TCGA-BH-A0H0T,4,2,2.0,0.0118999999999998,0.76,3.9881
CPCT02060128T,3,3,1.0,-0.5413000000000001,0.65,3.5413
CPCT02080005TII,2,2,1.0,-0.1688999999999998,0.26,2.1689
TCGA-A2-A04PT,2,2,1.0,-1.5213,0.6,3.5213
CPCT02380035T,3,3,1.0,0.0301999999999997,0.6,2.9698
DO218651,1,1,1.0,-1.1989999999999998,0.47,2.199
CPCT02010326TII,4,4,1.0,-1.1707,0.64,5.1707
CPCT02030289T,21,5,4.2,17.6787,0.47,3.3213
DO1017,2,2,1.0,-1.3932000000000002,0.24,3.3932
CPCT02160037T,3,2,1.5,1.2079,0.53,1.7921
CPCT02010658T,1,1,1.0,-0.8604,0.44,1.8604
DO218388,2,1,2.0,-0.2406999999999999,0.89,2.2407
CPCT02230036T,4,9,0.4444444444444444,0.0647999999999999,0.32,3.9352
WIDE01010728T,2,4,0.5,-1.0259,0.49,3.0259
CPCT02200007T,2,4,0.5,-2.4765,0.22,4.4765
DO1006,2,3,0.6666666666666666,-1.1789999999999998,0.7,3.179
CPCT02300011T,4,2,2.0,0.4312,0.45,3.5688
CPCT02160051T,1,1,1.0,-0.9543,0.4,1.9543
CPCT02210010T,2,1,2.0,-0.0272999999999998,0.43,2.0273
CPCT02020160TIII,2,1,2.0,0.0041999999999999,0.84,1.9958
TCGA-E2-A1LKT,5,5,1.0,0.5408999999999997,0.73,4.4591
CPCT02100170T,4,4,1.0,0.7294999999999998,0.47,3.2705
CPCT02230089T,2,2,1.0,-1.261,0.31,3.261
CPCT02380052T,2,2,1.0,-1.3793000000000002,0.68,3.3793
TCGA-E2-A15KT,2,2,1.0,-0.0280999999999997,0.7,2.0281
CPCT02030261T,1,1,1.0,-0.8742000000000001,0.55,1.8742
CPCT02220047T,2,3,0.6666666666666666,-0.0430999999999999,0.66,2.0431
CPCT02080183T,1,1,1.0,-1.1343,0.73,2.1343
WIDE01010303T,4,3,1.3333333333333333,1.0819,0.67,2.9181
CPCT02030265T,1,1,1.0,-0.9306,0.36,1.9306
WIDE01010574T,3,3,1.0,-0.0661,0.49,3.0661
CPCT02010846T,1,2,0.5,-0.9856,0.8,1.9856
CPCT02360011T,4,3,1.3333333333333333,0.4925000000000002,0.39,3.5075
CPCT02230071T,1,2,0.5,-0.815,0.31,1.815
DO217865,2,1,2.0,-0.1084,0.55,2.1084
CPCT02160012T,47,4,11.75,43.0448,0.31,3.9552
CPCT02060075T,3,3,1.0,-1.5343999999999998,0.4,4.5344
TCGA-A8-A075T,2,3,0.6666666666666666,-1.4545,0.52,3.4545
CPCT02410017T,3,3,1.0,-0.8317000000000001,0.6,3.8317
DO218605,1,2,0.5,-0.9409999999999998,0.52,1.941
DO220824,2,2,1.0,-0.1913,0.75,2.1913
TCGA-E2-A152T,94,2,47.0,90.6696,0.53,3.3304
CPCT02110077T,4,5,0.8,-0.4451999999999998,0.74,4.4452
CPCT02050409T,2,2,1.0,-0.0278,0.79,2.0278
CPCT02020382T,4,4,1.0,0.3822999999999999,0.46,3.6177
WIDE01010489T,2,2,1.0,0.0215,0.7,1.9785
WIDE01010142T,52,5,10.4,48.5877,0.35,3.4123
CPCT02020801T,2,1,2.0,0.278,0.6,1.722
CPCT02040134T,2,2,1.0,-0.8500000000000001,0.62,2.85
CPCT02080002T,2,2,1.0,-0.0638,0.9,2.0638
CPCT02020186TII,6,2,3.0,2.1122,0.74,3.8878
CPCT02020711T,3,2,1.5,0.9209999999999998,0.7,2.079
CPCT02100067TII,4,4,1.0,0.4018000000000001,0.65,3.5982
CPCT02100035T,4,2,2.0,1.3113,0.27,2.6887
CPCT02110023T,45,4,11.25,40.9777,0.46,4.0223
CPCT02100125T,1,3,0.3333333333333333,-1.0531,0.78,2.0531
CPCT02080216T,2,2,1.0,-0.8445999999999998,0.34,2.8446
WIDE01010759T,4,2,2.0,0.1719999999999997,0.79,3.828
TCGA-AR-A1AYT,1,1,1.0,-0.7887,0.79,1.7887
DO218167,2,1,2.0,0.0761,0.52,1.9239
CPCT02230022T,14,2,7.0,10.8353,0.41,3.1647
CPCT02360016T,1,1,1.0,-1.2158000000000002,0.25,2.2158
WIDE01010268T,3,1,3.0,1.3018,0.72,1.6982
CPCT02120024T,2,2,1.0,0.1540000000000001,0.44,1.846
CPCT02120016T,4,4,1.0,0.4922,0.41,3.5078
DO52548,2,2,1.0,-1.2990000000000002,0.51,3.299
DO217952,2,2,1.0,-0.0240999999999997,0.8,2.0241
CPCT02040290T,2,2,1.0,-0.1604000000000001,0.63,2.1604
DO218384,2,2,1.0,0.0928,0.74,1.9072
CPCT02010276TII,2,2,1.0,-0.1678000000000001,0.74,2.1678
CPCT02140044T,2,2,1.0,-1.5365000000000002,0.4,3.5365
CPCT02180028T,2,2,1.0,0.0294,0.9,1.9706
CPCT02220053T,3,1,3.0,0.8054999999999999,0.72,2.1945
CPCT02110057T,3,1,3.0,1.0132,0.58,1.9868
CPCT02050120T,55,2,27.5,53.2173,0.44,1.7827
CPCT02040047T,24,2,12.0,20.6317,0.57,3.3683
CPCT02460005T,3,2,1.5,-0.5381999999999998,0.84,3.5382
CPCT02080253T,3,2,1.5,-0.2896000000000001,0.69,3.2896
TCGA-BH-A18UT,104,3,34.666666666666664,98.4559,0.7,5.5441
WIDE01011048T,2,7,0.2857142857142857,-2.7689000000000004,0.57,4.7689
CPCT02030383T,2,2,1.0,0.0663,0.63,1.9337
CPCT02270021T,4,6,0.6666666666666666,0.2852999999999999,0.35,3.7147
WIDE01010564T,4,2,2.0,0.4474999999999998,0.72,3.5525
WIDE01010785T,3,2,1.5,-0.9371,0.53,3.9371
CPCT02070168T,1,1,1.0,-0.9428,0.72,1.9428
CPCT02170029T,2,2,1.0,-1.4177,0.38,3.4177
CPCT02010772T,6,2,3.0,4.042,0.61,1.958
TCGA-GM-A3XLT,1,1,1.0,-1.2496,0.6,2.2496
CPCT02100011T,2,5,0.4,0.0152000000000001,0.34,1.9848
DO52542,1,1,1.0,-0.6417999999999999,0.63,1.6418
CPCT02210004T,2,2,1.0,0.159,0.28,1.841
CPCT02040036T,2,2,1.0,-0.2863000000000002,0.7,2.2863
CPCT02140004T,51,3,17.0,47.7149,0.5,3.2851
DO218176,2,3,0.6666666666666666,-1.8103,0.22,3.8103
CPCT02040145T,3,2,1.5,-0.5575999999999999,0.52,3.5576
CPCT02160042T,2,3,0.6666666666666666,-0.3763999999999999,0.4,2.3764
CPCT02030451T,1,3,0.3333333333333333,-0.9166,0.52,1.9166
CPCT02020239T,3,2,1.5,1.0419999999999998,0.68,1.958
WIDE01010738T,3,1,3.0,0.3887000000000001,0.86,2.6113
CPCT02020493TII,3,3,1.0,0.967,0.57,2.033
CPCT02010907T,3,3,1.0,0.8235000000000001,0.21,2.1765
CPCT02020287T,2,2,1.0,0.0296,0.76,1.9704
TCGA-E2-A15EM,9,2,4.5,5.4421,0.65,3.5579
CPCT02110050T,2,3,0.6666666666666666,0.1368,0.78,1.8632
CPCT02040097T,52,6,8.666666666666666,49.1753,0.53,2.8247
DO217907,3,2,1.5,0.0184000000000002,0.33,2.9816
CPCT02020545T,72,1,72.0,68.4749,0.75,3.5251
CPCT02340071T,3,3,1.0,-0.4321000000000001,0.22,3.4321
CPCT02020247T,2,2,1.0,-0.0091999999999998,0.62,2.0092
CPCT02100002T,1,1,1.0,-0.9731,0.69,1.9731
CPCT02010901T,4,4,1.0,0.0045000000000001,0.5,3.9955
CPCT02360008T,2,3,0.6666666666666666,0.1007,0.67,1.8993
DO1014,18,2,9.0,16.0098,0.54,1.9902
CPCT02120051T,2,4,0.5,-1.0064000000000002,0.39,3.0064
CPCT02120158T,3,3,1.0,0.1303999999999998,0.8,2.8696
CPCT02100028T,2,2,1.0,-0.1162999999999998,0.33,2.1163
CPCT02050309T,21,3,7.0,17.0505,0.38,3.9495
DO218502,1,1,1.0,-0.8813,0.57,1.8813
CPCT02030464T,23,4,5.75,19.553,0.76,3.447
WIDE01010326T,2,2,1.0,-0.1025,0.75,2.1025
CPCT02230120T,6,7,0.8571428571428571,1.8106,0.22,4.1894
CPCT02080250T,2,3,0.6666666666666666,-0.8923000000000001,0.48,2.8923
DO218059,5,3,1.6666666666666667,3.0202,0.63,1.9798
DO218478,3,2,1.5,0.9300000000000002,0.64,2.07
CPCT02100007T,4,4,1.0,0.5289999999999999,0.27,3.471
CPCT02220029T,3,3,1.0,-1.1786000000000003,0.35,4.1786
DO1011,4,4,1.0,0.0821999999999998,0.66,3.9178
CPCT02160022T,6,4,1.5,0.6723999999999997,0.48,5.3276
CPCT02080112T,2,2,1.0,-1.5849000000000002,0.35,3.5849
CPCT02150027T,1,5,0.2,-0.9513,0.69,1.9513
CPCT02020721T,6,3,2.0,2.3803,0.5,3.6197
CPCT02020685T,3,2,1.5,0.1198000000000001,0.8,2.8802
TCGA-BH-A0EAT,2,2,1.0,-0.0699,0.52,2.0699
CPCT02010708T,2,2,1.0,-1.0891000000000002,0.4,3.0891
CPCT02370024T,1,1,1.0,-0.8717999999999999,0.64,1.8718
CPCT02140083T,4,4,1.0,0.2008999999999998,0.29,3.7991
CPCT02010382TII,2,2,1.0,-1.5402999999999998,0.2,3.5403
CPCT02300001T,5,3,1.6666666666666667,1.2513,0.45,3.7487
CPCT02010276T,2,2,1.0,-0.1110999999999999,0.62,2.1111
CPCT02120117T,2,2,1.0,-0.3184999999999998,0.58,2.3185
WIDE01010584T,2,2,1.0,-1.4083,0.38,3.4083
CPCT02120154T,2,3,0.6666666666666666,0.0713999999999999,0.71,1.9286
DO1001,1,1,1.0,-0.8224,0.48,1.8224
WIDE01010702T,5,5,1.0,1.3845,0.26,3.6155
TCGA-AO-A0J4T,2,2,1.0,-0.8119000000000001,0.5,2.8119
DO52539,1,2,0.5,-0.7435,0.48,1.7435
TCGA-AO-A03NT,2,3,0.6666666666666666,-1.234,0.65,3.234
CPCT02010468T,2,2,1.0,-1.3060999999999998,0.47,3.3061
WIDE01010212T,8,1,8.0,6.1786,0.61,1.8214
DO217934,2,2,1.0,-0.1585999999999998,0.49,2.1586
DO52549,2,5,0.4,-1.3039,0.88,3.3039
CPCT02340047T,2,2,1.0,-0.2845,1.0,2.2845
CPCT02160019T,2,5,0.4,-0.9015,0.24,2.9015
CPCT02030216TII,2,2,1.0,-0.0567999999999999,1.0,2.0568
WIDE01010067T,2,2,1.0,-1.1889999999999996,0.31,3.189
CPCT02220044T,2,4,0.5,-1.8649,0.39,3.8649
DO218333,5,3,1.6666666666666667,1.3131,0.6,3.6869
CPCT02030522T,2,2,1.0,0.0722,0.62,1.9278
CPCT02050060T,17,2,8.5,15.305,0.45,1.695
TCGA-C8-A130T,6,4,1.5,2.269,0.56,3.731
CPCT02110028T,2,2,1.0,-1.0387,0.45,3.0387
CPCT02040071TII,5,5,1.0,0.6517999999999997,0.52,4.3482
WIDE01010909T,3,3,1.0,-0.4217,0.24,3.4217
WIDE01010335T,1,2,0.5,-0.7469999999999999,0.53,1.747
DO52540,3,2,1.5,0.0396999999999998,0.21,2.9603
CPCT02020693T,1,1,1.0,-0.6230000000000002,0.41,1.6230000000000002
DO218254,3,1,3.0,0.7698999999999998,0.68,2.2301
TCGA-BH-A0WAT,2,2,1.0,-1.1124999999999998,0.58,3.1125
CPCT02120165T,2,2,1.0,-0.7650999999999999,0.77,2.7651
CPCT02020541T,4,2,2.0,0.1956000000000002,0.49,3.8044
CPCT02380036T,1,1,1.0,-0.8046,0.48,1.8046
CPCT02180070T,2,2,1.0,-0.2574999999999998,0.74,2.2575
CPCT02410001T,6,2,3.0,1.3619000000000003,0.32,4.6381
CPCT02030258T,2,4,0.5,-1.3201999999999998,0.74,3.3202
DO218621,2,2,1.0,-0.0516,0.77,2.0516
CPCT02390038T,2,6,0.3333333333333333,-1.9974,0.29,3.9974
CPCT02330067T,4,4,1.0,0.0348000000000001,0.56,3.9652
CPCT02100024T,9,3,3.0,4.6572,0.6,4.3428
CPCT02020617T,1,1,1.0,-0.8704000000000001,0.41,1.8704
CPCT02290001T,39,2,19.5,35.6552,0.57,3.3448
CPCT02080001TII,4,4,1.0,-0.9306,0.5,4.9306
WIDE01010248T,1,2,0.5,-1.5057,0.27,2.5057
CPCT02020490T,2,2,1.0,0.4921,0.58,1.5079
DO1016,39,4,9.75,37.3243,0.54,1.6757
CPCT02010359T,7,4,1.75,2.2618,0.27,4.7382
CPCT02020791T,2,3,0.6666666666666666,-0.1734,0.74,2.1734
CPCT02030264T,1,1,1.0,-0.9989,0.35,1.9989
CPCT02320003T,2,2,1.0,-0.2178,0.44,2.2178
CPCT02020666T,2,2,1.0,-0.0743999999999998,0.95,2.0744
CPCT02100050T,2,1,2.0,0.0322,0.78,1.9678
TCGA-BH-A0DTT,2,2,1.0,-0.2488000000000001,0.47,2.2488
CPCT02260029T,2,4,0.5,-1.4130000000000005,0.89,3.4130000000000003
CPCT02050288T,3,4,0.75,0.1808,0.4,2.8192
CPCT02350008T,2,2,1.0,-1.1065,0.59,3.1065
CPCT02040321T,3,2,1.5,-0.1928999999999998,0.48,3.1929
CPCT02080254T,1,2,0.5,-1.0421999999999998,0.7,2.0422
CPCT02120052T,13,2,6.5,10.8408,0.76,2.1592
DO217787,2,4,0.5,-0.3250999999999999,0.53,2.3251
CPCT02460001T,4,3,1.3333333333333333,1.1277,0.83,2.8723
CPCT02010628T,2,3,0.6666666666666666,-2.1998,0.4,4.1998
DO52556,3,2,1.5,-0.2271999999999998,0.56,3.2272
WIDE01010740T,3,2,1.5,-0.1972,0.57,3.1972
WIDE01010072T,2,3,0.6666666666666666,-1.2713,0.71,3.2713
DO52555,1,1,1.0,-0.5646,0.66,1.5646
DO218419,2,1,2.0,-0.0253000000000001,0.54,2.0253
CPCT02010572T,3,3,1.0,-1.673,0.42,4.673
CPCT02010267TII,5,2,2.5,1.1522,0.32,3.8478
CPCT02110063T,1,1,1.0,-1.1894999999999998,0.43,2.1895
CPCT02020344T,3,5,0.6,0.3660000000000001,0.7,2.634
TCGA-A2-A0D4T,4,3,1.3333333333333333,0.2477999999999998,0.7,3.7522
DO218709,4,2,2.0,1.3167,0.31,2.6833
DO218408,2,2,1.0,-0.2096,0.66,2.2096
CPCT02040267T,4,4,1.0,-0.0693000000000001,0.38,4.0693
CPCT02080055T,1,2,0.5,-1.0179,0.35,2.0179
CPCT02160004T,4,3,1.3333333333333333,0.6863000000000001,0.62,3.3137
CPCT02010933T,3,3,1.0,-1.2742000000000004,0.32,4.2742
DO218173,2,1,2.0,-0.0592999999999999,1.0,2.0593
CPCT02100115T,2,2,1.0,0.0748999999999999,0.94,1.9251
CPCT02050218T,2,1,2.0,0.0373000000000001,0.82,1.9627
DO218269,4,1,4.0,1.0376,0.4,2.9624
CPCT02010419T,6,4,1.5,1.7058,0.26,4.2942
TCGA-A8-A08LT,4,4,1.0,0.2646000000000001,0.6,3.7354
WIDE01010311T,2,2,1.0,-0.8307000000000002,0.89,2.8307
CPCT02020299T,3,2,1.5,0.2159,0.38,2.7841
CPCT02050074T,2,2,1.0,-0.3698000000000001,0.71,2.3698
CPCT02180053T,4,4,1.0,0.5045999999999999,0.54,3.4954
DO218796,60,3,20.0,54.6745,0.21,5.3255
CPCT02030448T,1,1,1.0,-0.6536,0.66,1.6536
WIDE01010829T,2,2,1.0,-1.2503000000000002,0.55,3.2503
CPCT02070344T,4,7,0.5714285714285714,0.4788999999999999,0.32,3.5211
TCGA-A8-A094T,2,2,1.0,-1.3596,0.41,3.3596
TCGA-AQ-A04JT,1,1,1.0,-0.8342,0.49,1.8342
DO218742,2,2,1.0,-0.1968999999999998,0.52,2.1969
TCGA-AR-A0TXT,25,2,12.5,22.9738,0.42,2.0262
CPCT02050164T,1,1,1.0,-0.7879999999999999,0.67,1.788
CPCT02100037T,5,7,0.7142857142857143,1.7073999999999998,0.51,3.2926
CPCT02220041T,29,4,7.25,25.9886,0.43,3.0114
CPCT02010003T,2,2,1.0,-0.0142000000000002,0.4,2.0142
DO52546,6,4,1.5,3.4813,0.25,2.5187
CPCT02100075T,2,2,1.0,-1.2432,0.34,3.2432
WIDE01010894T,13,4,3.25,9.9379,0.35,3.0621
DO218736,3,3,1.0,0.8361000000000001,0.48,2.1639
TCGA-A2-A0D0T,2,2,1.0,-0.9257,0.65,2.9257
CPCT02160039T,2,2,1.0,-0.3538000000000001,0.93,2.3538
CPCT02210020T,2,2,1.0,0.0753999999999999,0.83,1.9246
TCGA-A2-A3Y0T,2,2,1.0,-0.5343,0.55,2.5343
CPCT02320007T,3,3,1.0,0.7616,0.91,2.2384
TCGA-EW-A1PBT,2,2,1.0,-1.005,0.36,3.005
WIDE01011011T,3,3,1.0,0.0828000000000002,0.52,2.9172
CPCT02060121T,65,2,32.5,61.7704,0.34,3.2296
WIDE01010853T,2,2,1.0,-0.0047999999999999,0.53,2.0048
CPCT02230128T,2,2,1.0,-0.084,0.62,2.084
DO52538,2,2,1.0,-0.6609999999999999,0.35,2.661
DO217939,2,2,1.0,-0.0855000000000001,0.8,2.0855
WIDE01011071T,2,2,1.0,0.153,0.78,1.847
DO218831,3,3,1.0,0.8929,0.63,2.1071
CPCT02210082T,2,1,2.0,0.0054,0.55,1.9946
CPCT02100079T,3,2,1.5,1.0548,0.57,1.9452
DO52562,3,3,1.0,-0.0299999999999998,0.41,3.03
CPCT02080127T,2,2,1.0,-1.3241,0.59,3.3241
CPCT02340025T,2,2,1.0,-0.1049999999999999,0.79,2.105
CPCT02010633T,1,3,0.3333333333333333,-1.0413,0.31,2.0413
CPCT02060093T,2,1,2.0,-0.0647000000000002,0.59,2.0647
CPCT02080106T,1,1,1.0,-0.6051,0.47,1.6051
TCGA-C8-A12QT,33,1,33.0,30.8704,0.51,2.1296
WIDE01010418T,4,4,1.0,0.1610999999999998,0.75,3.8389
CPCT02080039T,2,2,1.0,-0.0651000000000001,0.56,2.0651
CPCT02110042T,2,4,0.5,-1.1509,0.66,3.1509
CPCT02050109T,1,1,1.0,-0.9289,0.42,1.9289
CPCT02080285T,2,2,1.0,-0.0908000000000002,0.38,2.0908
CPCT02030472T,3,3,1.0,0.0015999999999998,0.65,2.9984
CPCT02010288TII,2,2,1.0,-0.1080999999999998,0.82,2.1081
WIDE01010698T,4,4,1.0,0.0251999999999998,0.7,3.9748
CPCT02180050T,61,2,30.5,58.9551,0.41,2.0449
TCGA-AR-A256T,2,3,0.6666666666666666,-0.907,0.75,2.907
CPCT02010773T,55,12,4.583333333333333,52.2646,0.53,2.7354
CPCT02020591T,2,2,1.0,0.03,0.67,1.97
CPCT02270008T,2,2,1.0,-1.2082000000000002,0.2,3.2082
CPCT02140091TII,4,2,2.0,0.6105,0.8,3.3895
CPCT02010890T,13,4,3.25,11.0291,0.22,1.9709
DO218656,4,4,1.0,-0.2390999999999996,0.48,4.2391
CPCT02370025T,2,2,1.0,-1.5533,0.21,3.5533
CPCT02290018T,4,5,0.8,0.1964000000000001,0.39,3.8036
DO218611,4,4,1.0,0.0102000000000002,0.34,3.9898
DO52552,2,5,0.4,-0.5388000000000002,0.46,2.5388
CPCT02320009T,1,2,0.5,-1.0244,0.27,2.0244
CPCT02020664T,2,3,0.6666666666666666,-0.0684999999999997,0.57,2.0685
CPCT02010661T,3,4,0.75,-1.1313000000000004,0.65,4.1313
CPCT02300040T,2,1,2.0,0.2549999999999999,0.61,1.745
DO217953,6,2,3.0,1.5094000000000003,0.55,4.4906
CPCT02120114T,2,3,0.6666666666666666,-1.9761,0.36,3.9761
CPCT02040031T,51,2,25.5,47.0642,0.45,3.9358
CPCT02010324T,2,2,1.0,-1.5128,0.64,3.5128
CPCT02180052T,2,2,1.0,-0.1333999999999999,0.73,2.1334
TCGA-E9-A1NHT,3,3,1.0,-0.6917,0.54,3.6917
WIDE01010341T,1,1,1.0,-0.6295999999999999,0.58,1.6296
CPCT02050383T,2,2,1.0,-1.9983,0.22,3.9983
CPCT02100021T,4,2,2.0,0.5985999999999998,0.71,3.4014
CPCT02390001TII,6,2,3.0,1.8779000000000003,0.35,4.1221
DO52545,3,2,1.5,-1.1082999999999998,0.3,4.1083
CPCT02080047T,3,3,1.0,0.5611999999999999,0.61,2.4388
CPCT02080103T,19,24,0.7916666666666666,15.8524,0.41,3.1476
CPCT02290057T,2,2,1.0,-0.4266000000000001,0.87,2.4266
CPCT02100023T,3,4,0.75,-0.2841,0.51,3.2841
CPCT02110049T,3,3,1.0,1.0698,0.57,1.9302
CPCT02020191T,1,1,1.0,-1.0095,0.62,2.0095
CPCT02340110T,2,1,2.0,-0.5358,0.52,2.5358
CPCT02030224T,2,2,1.0,-0.6648999999999998,0.49,2.6649
CPCT02060011T,2,3,0.6666666666666666,-1.9,0.52,3.9
CPCT02230126T,1,2,0.5,-2.2705,0.28,3.2705
TCGA-A8-A07IT,20,2,10.0,17.9678,0.71,2.0322
CPCT02140004TII,36,3,12.0,31.5782,0.68,4.4218
DO1004,4,4,1.0,-0.0058999999999995,0.57,4.0059
CPCT02020371T,2,3,0.6666666666666666,-1.8425,0.24,3.8425
WIDE01010956T,2,2,1.0,-0.4990999999999999,0.51,2.4991
CPCT02360015T,3,4,0.75,0.1413999999999999,0.57,2.8586
CPCT02050032T,1,1,1.0,-1.0425,0.83,2.0425
WIDE01010962T,2,2,1.0,-1.258,0.48,3.258
DO218827,2,2,1.0,-0.2393000000000001,0.21,2.2393
TCGA-EW-A1PCT,6,8,0.75,1.8396,0.81,4.1604
CPCT02010643T,50,1,50.0,47.7895,0.52,2.2105
CPCT02140089T,4,3,1.3333333333333333,0.7907000000000002,0.49,3.2093
CPCT02210014T,2,2,1.0,-0.1444,0.54,2.1444
CPCT02100017T,2,3,0.6666666666666666,-0.9175,0.63,2.9175
CPCT02100048T,3,6,0.5,-0.7260000000000004,0.48,3.726
CPCT02360018T,2,2,1.0,-0.1720999999999999,0.63,2.1721
CPCT02120179T,2,2,1.0,-0.1615000000000002,0.6,2.1615
CPCT02050359T,4,2,2.0,0.3081,0.35,3.6919
CPCT02180030T,2,2,1.0,-1.3871000000000002,0.52,3.3871
DO218428,5,2,2.5,1.4613999999999998,0.45,3.5386
DO220820,2,2,1.0,-0.0177,0.69,2.0177
TCGA-A2-A3KCT,4,4,1.0,-0.1326,0.34,4.1326
CPCT02080029T,3,1,3.0,0.0253000000000001,0.72,2.9747
CPCT02110030T,3,2,1.5,-0.2909000000000001,0.39,3.2909
WIDE01010247T,2,2,1.0,-0.5983,0.48,2.5983
CPCT02330076T,7,14,0.5,3.0066,0.48,3.9934
CPCT02040291T,2,2,1.0,-0.0131000000000001,0.35,2.0131
DO52559,2,2,1.0,-0.6692999999999998,0.5,2.6693
CPCT02460006T,2,1,2.0,0.0846,0.66,1.9154
CPCT02020197T,2,2,1.0,-1.3237,0.8,3.3237
CPCT02120121T,6,6,1.0,1.8711,0.38,4.1289
CPCT02010639T,1,1,1.0,-1.0273,0.83,2.0273
CPCT02190009T,22,3,7.333333333333332,18.8282,0.67,3.1718
CPCT02310006T,2,2,1.0,0.3090000000000001,0.85,1.6909999999999998
CPCT02040078T,9,2,4.5,5.767799999999999,0.53,3.2322
CPCT02090034T,2,2,1.0,-0.0958000000000001,0.76,2.0958
CPCT02410009T,2,2,1.0,-2.2032,0.21,4.2032
CPCT02310022T,1,2,0.5,-1.1292,0.32,2.1292
CPCT02310003T,2,2,1.0,0.0879,0.68,1.9121
DO218150,2,2,1.0,0.0847,0.62,1.9153
DO1010,4,2,2.0,0.5611000000000002,0.46,3.4389
DO218488,2,2,1.0,0.0390000000000001,0.58,1.961
CPCT02040329T,2,2,1.0,-0.3984999999999999,0.36,2.3985
CPCT02010790T,1,3,0.3333333333333333,-0.855,0.45,1.855
TCGA-A2-A04XT,16,1,16.0,14.0705,0.58,1.9295
CPCT02010289T,2,3,0.6666666666666666,-0.3759999999999999,0.61,2.376
CPCT02170018T,2,3,0.6666666666666666,-0.5358,0.52,2.5358
DO52557,1,1,1.0,-0.7391000000000001,0.7,1.7391
CPCT02100102T,4,4,1.0,0.3605,0.47,3.6395
CPCT02040191T,24,8,3.0,21.1802,0.71,2.8198
WIDE01010093TII,4,4,1.0,0.7103999999999999,0.4,3.2896
CPCT02080288T,6,4,1.5,0.4615999999999998,0.25,5.5384
WIDE01011094T,1,1,1.0,-0.949,0.48,1.949
CPCT02040013T,1,0,0.0,-1.0022000000000002,0.46,2.0022
WIDE01010240T,2,2,1.0,0.1137999999999999,0.59,1.8862
CPCT02020347T,4,4,1.0,0.0756999999999998,0.5,3.9243
CPCT02240005T,2,2,1.0,-0.4506000000000001,0.44,2.4506
CPCT02010521T,2,1,2.0,0.0562,0.91,1.9438
CPCT02020857T,1,2,0.5,-0.8552,0.69,1.8552
CPCT02050337T,3,4,0.75,-0.0607999999999999,0.39,3.0608
DO218698,1,2,0.5,-0.7465999999999999,0.69,1.7466
DO218770,4,4,1.0,0.0411999999999999,0.48,3.9588
DO52554,2,1,2.0,0.0039,0.33,1.9961
DO218719,2,2,1.0,0.1432,0.5,1.8568
CPCT02010891T,4,4,1.0,-0.4927999999999999,0.33,4.4928
CPCT02380026T,50,1,50.0,46.9951,0.62,3.0049
WIDE01010018T,2,2,1.0,-1.3243,0.76,3.3243
CPCT02160005T,46,3,15.333333333333336,41.8966,0.47,4.1034
DO217826,4,2,2.0,0.2946,0.38,3.7054
CPCT02390015T,1,1,1.0,-0.847,0.58,1.847
WIDE01010249T,2,2,1.0,0.0079,0.69,1.9921
CPCT02010520T,2,2,1.0,0.1158999999999998,0.41,1.8841
CPCT02050434T,8,2,4.0,4.0751,0.26,3.9249
CPCT02230074T,2,2,1.0,-0.0920999999999998,0.8,2.0921
CPCT02040207T,2,2,1.0,-1.3144999999999998,0.25,3.3145
WIDE01010406T,2,2,1.0,-1.7654999999999998,0.29,3.7655
CPCT02320010T,3,3,1.0,0.1619999999999999,0.51,2.838
CPCT02340066T,3,3,1.0,-0.5466000000000002,0.66,3.5466
WIDE01010171T,1,3,0.3333333333333333,-0.9768,0.42,1.9768
WIDE01010035T,4,4,1.0,-0.6211000000000002,0.36,4.6211
CPCT02020195T,3,3,1.0,0.8105000000000002,0.92,2.1895
DO1003,3,1,3.0,0.1623000000000001,1.0,2.8377
CPCT02080019T,37,4,9.25,33.7555,0.25,3.2445
CPCT02010940T,1,2,0.5,-1.0974,0.43,2.0974
CPCT02120033T,18,2,9.0,14.6917,0.55,3.3083
CPCT02010337TII,2,2,1.0,-0.1326,0.9,2.1326
CPCT02190002T,3,3,1.0,-1.6353999999999995,0.27,4.6354
CPCT02010359TII,5,3,1.6666666666666667,2.2116,0.59,2.7884
CPCT02010554T,2,2,1.0,-0.1257000000000001,0.54,2.1257
CPCT02150002T,3,4,0.75,-0.3184999999999998,1.0,3.3185
CPCT02080290T,1,3,0.3333333333333333,-0.9386,0.49,1.9386
CPCT02110029T,37,3,12.333333333333336,34.1064,0.54,2.8936
WIDE01010830T,40,2,20.0,37.8249,0.49,2.1751
CPCT02120063T,3,1,3.0,0.8027000000000002,0.41,2.1973
WIDE01010288T,6,5,1.2,1.6691000000000005,0.32,4.3309
DO1000,4,4,1.0,0.7865000000000002,0.6,3.2135
CPCT02020385T,3,3,1.0,-0.7593999999999999,0.38,3.7594
DO218560,3,2,1.5,-0.9066,0.4,3.9066
CPCT02330017T,2,1,2.0,-0.1486,0.67,2.1486
CPCT02050143T,3,2,1.5,-0.6768000000000001,0.69,3.6768
CPCT02340060T,10,2,5.0,7.6206999999999985,0.34,2.3793
CPCT02080052T,2,2,1.0,-0.0125999999999999,0.24,2.0126
CPCT02120001T,3,2,1.5,0.3502999999999998,0.63,2.6497
CPCT02030274T,2,7,0.2857142857142857,-1.3569,0.35,3.3569
CPCT02270009T,2,4,0.5,-1.7321,0.63,3.7321
CPCT02080029TII,3,1,3.0,-0.0596000000000001,0.53,3.0596
CPCT02040086T,34,2,17.0,31.9418,0.77,2.0582
CPCT02060285T,2,2,1.0,0.0588999999999999,0.39,1.9411
TCGA-AN-A04DT,2,2,1.0,-0.1526999999999998,0.92,2.1527
CPCT02010720T,3,4,0.75,-0.7991000000000001,0.31,3.7991
CPCT02160001T,2,2,1.0,-0.1322000000000001,0.78,2.1322
TCGA-A7-A26GT,1,1,1.0,-1.1115,0.38,2.1115
CPCT02210073T,2,4,0.5,-0.0234999999999998,0.91,2.0235
CPCT02080053T,2,2,1.0,-0.0472000000000001,0.22,2.0472
DO52558,1,1,1.0,-0.5767,0.65,1.5767
DO1008,1,1,1.0,-0.5057,0.53,1.5057
CPCT02300021T,2,2,1.0,-0.2841999999999998,0.38,2.2842
DO218205,2,2,1.0,-1.7186,0.21,3.7186
CPCT02080031T,2,2,1.0,-0.0457999999999998,0.31,2.0458
WIDE01010069T,1,1,1.0,-1.0652,0.5,2.0652
CPCT02170014T,2,2,1.0,0.0859,0.47,1.9141
CPCT02080196T,2,3,0.6666666666666666,-0.2599999999999998,0.74,2.26
TCGA-D8-A27FT,2,2,1.0,-1.3315,0.66,3.3315
WIDE01010410T,2,1,2.0,-0.0474999999999998,0.78,2.0475
CPCT02080073T,1,1,1.0,-1.3109000000000002,0.61,2.3109
TCGA-BH-A0E0T,2,2,1.0,-0.9846,0.57,2.9846
CPCT02030289TII,2,2,1.0,-0.0228999999999999,0.28,2.0229
CPCT02020369T,3,2,1.5,-0.0350999999999999,0.77,3.0351
DO52543,2,2,1.0,-1.1855000000000002,0.25,3.1855
CPCT02150004T,3,3,1.0,0.9436,0.56,2.0564
CPCT02020539T,100,3,33.333333333333336,96.1797,0.3,3.8203
CPCT02010863T,1,1,1.0,-0.5916999999999999,0.58,1.5917
DO1015,17,4,4.25,13.7063,0.3,3.2937
CPCT02020508T,9,6,1.5,5.9238,0.52,3.0762
WIDE01010174T,3,6,0.5,0.0093999999999998,0.36,2.9906
WIDE01011112T,2,3,0.6666666666666666,-1.5442,0.45,3.5442
CPCT02080143T,48,3,16.0,45.9071,0.55,2.0929
CPCT02080005T,2,2,1.0,-0.1322999999999998,0.75,2.1323
DO217887,2,2,1.0,-0.1396000000000001,0.38,2.1396
CPCT02300018T,1,0,0.0,-0.8314999999999999,0.65,1.8315
CPCT02080170T,1,3,0.3333333333333333,-0.9584,0.34,1.9584
DO218828,2,2,1.0,-0.9624,0.75,2.9624
CPCT02040337T,5,1,5.0,3.0116,0.83,1.9884
CPCT02060150T,37,1,37.0,32.9438,0.47,4.0562
TCGA-AO-A124T,4,2,2.0,1.1507999999999998,0.81,2.8492
CPCT02150017T,3,2,1.5,0.0882,0.28,2.9118
CPCT02010824T,2,3,0.6666666666666666,-1.5435,0.68,3.5435
CPCT02390008T,3,2,1.5,0.1610999999999998,0.85,2.8389
CPCT02100055T,68,2,34.0,64.3144,0.29,3.6856
DO220828,6,2,3.0,2.0732,0.87,3.9268
DO1020,2,3,0.6666666666666666,-0.8938000000000001,0.56,2.8938
CPCT02020493T,3,2,1.5,0.9874,0.46,2.0126
DO218684,3,1,3.0,0.8214999999999999,0.56,2.1785
WIDE01010951T,3,3,1.0,0.2153,0.38,2.7847
CPCT02030484T,4,4,1.0,0.4127000000000001,0.37,3.5873
WIDE01010755T,2,2,1.0,-0.1387,0.89,2.1387
CPCT02340066TIV,2,3,0.6666666666666666,-0.8613,0.49,2.8613
CPCT02010825T,1,3,0.3333333333333333,-1.0569000000000002,0.3,2.0569
CPCT02040035T,1,1,1.0,-0.9023,0.76,1.9023
CPCT02010434T,2,2,1.0,0.0811999999999999,0.83,1.9188
CPCT02020238T,1,3,0.3333333333333333,-0.9195,0.8,1.9195
CPCT02270006T,2,2,1.0,-1.7080000000000002,0.64,3.708
CPCT02080070T,3,3,1.0,-1.6052,0.26,4.6052
CPCT02040307T,1,1,1.0,-0.6771,0.54,1.6771
CPCT02270007T,3,4,0.75,-0.7227000000000001,0.48,3.7227
DO218669,4,2,2.0,-0.1938000000000004,0.27,4.1938
CPCT02020744T,7,5,1.4,3.0272,0.3,3.9728
WIDE01010534T,2,1,2.0,-0.1528999999999998,0.61,2.1529
WIDE01010011T,2,2,1.0,-1.3956,0.34,3.3956
CPCT02410004T,3,2,1.5,-0.3641000000000001,0.48,3.3641
CPCT02450016T,2,2,1.0,-0.1381999999999998,0.8,2.1382
CPCT02340066TIII,3,3,1.0,-0.5888,0.7,3.5888
CPCT02200005T,4,4,1.0,0.0426000000000001,0.42,3.9574
CPCT02390035T,5,4,1.25,1.6356000000000002,0.72,3.3644
DO52547,2,2,1.0,-0.7321,0.28,2.7321
CPCT02010969T,2,2,1.0,0.1566,0.93,1.8434
CPCT02010934T,2,2,1.0,-0.9249,0.49,2.9249
CPCT02300009T,3,3,1.0,-0.1604000000000001,0.61,3.1604
TCGA-A7-A13DT,6,2,3.0,2.8706,0.54,3.1294
CPCT02080060T,1,1,1.0,-0.7104999999999999,0.58,1.7105
CPCT02050071T,11,2,5.5,8.105,0.79,2.895
CPCT02100051T,2,2,1.0,-0.0998000000000001,0.71,2.0998
CPCT02080067T,2,2,1.0,-0.0459999999999998,0.55,2.046
CPCT02230021T,48,2,24.0,45.0714,0.73,2.9286
DO220822,2,2,1.0,-0.1183999999999998,0.49,2.1184
TCGA-A2-A259T,2,6,0.3333333333333333,-2.3006,0.29,4.3006
CPCT02040017T,2,2,1.0,0.0011000000000001,0.75,1.9989
CPCT02010298T,2,2,1.0,0.0210999999999998,0.67,1.9789
